{
  "update_time": "2026-05-10 12:51:58",
  "metadata": {},
  "full_brief": "## 📈 一、昨日复盘\n\n首次运行,暂无历史预测可对比。从明日起本板块会自动显示。\n\n---\n\n",
  "market_state": {
    "DXY": {
      "label": "美元指数",
      "value": 97.83999633789062,
      "change_pct": -0.4173065263199746
    },
    "VIX": {
      "label": "VIX 恐慌指数",
      "value": 17.190000534057617,
      "change_pct": 0.6440316794081948
    },
    "WTI": {
      "label": "WTI 原油",
      "value": 95.41999816894531,
      "change_pct": 0.6433927075829473
    },
    "BRENT": {
      "label": "布伦特原油",
      "value": 101.29000091552734,
      "change_pct": 1.2292658274484976
    },
    "US10Y": {
      "label": "美 10 年期国债收益率",
      "value": 4.363999843597412,
      "change_pct": -0.6375308174456382
    },
    "GOLD": {
      "label": "黄金",
      "value": 4730.7001953125,
      "change_pct": 0.6574831250084414
    },
    "SP500": {
      "label": "标普 500",
      "value": 7398.93017578125,
      "change_pct": 0.8425703533400979
    }
  },
  "technical_levels": {
    "EUR/USD": {
      "pair": "EUR/USD",
      "latest": 1.1789672374725342,
      "high_20d": 1.1851149797439575,
      "low_20d": 1.165623426437378,
      "sma_20": 1.173640513420105,
      "sma_50": 1.1639981985092163,
      "pivot": 1.1758040189743042,
      "r1": 1.176934003829956,
      "s1": 1.1736130714416504,
      "r2": 1.1791249513626099,
      "s2": 1.1724830865859985
    },
    "GBP/USD": {
      "pair": "GBP/USD",
      "latest": 1.3631778955459595,
      "high_20d": 1.3657844066619873,
      "low_20d": 1.3454241752624512,
      "sma_20": 1.3540617227554321,
      "sma_50": 1.3417895817756653,
      "pivot": 1.3578321139017742,
      "r1": 1.3606874545415244,
      "s1": 1.3527092536290488,
      "r2": 1.3658103148142497,
      "s2": 1.3498539129892986
    },
    "USD/JPY": {
      "pair": "USD/JPY",
      "latest": 156.62100219726562,
      "high_20d": 160.70199584960938,
      "low_20d": 155.0469970703125,
      "sma_20": 158.63980026245116,
      "sma_50": 158.7042395019531,
      "pivot": 156.3516642252604,
      "r1": 156.66733296712238,
      "s1": 156.19232686360675,
      "r2": 156.82667032877603,
      "s2": 155.87665812174478
    },
    "AUD/USD": {
      "pair": "AUD/USD",
      "latest": 0.7249528765678406,
      "high_20d": 0.7277384996414185,
      "low_20d": 0.7078002691268921,
      "sma_20": 0.7172374874353409,
      "sma_50": 0.7072871267795563,
      "pivot": 0.7219599286715189,
      "r1": 0.7237798770268757,
      "s1": 0.7190400560696919,
      "r2": 0.7266997496287028,
      "s2": 0.7172201077143351
    },
    "USD/CAD": {
      "pair": "USD/CAD",
      "latest": 1.3675999641418457,
      "high_20d": 1.3788800239562988,
      "low_20d": 1.3550399541854858,
      "sma_20": 1.3668559968471528,
      "sma_50": 1.3724407982826232,
      "pivot": 1.3670966625213623,
      "r1": 1.3698933124542236,
      "s1": 1.3632733821868896,
      "r2": 1.3737165927886963,
      "s2": 1.3604767322540283
    },
    "USD/CHF": {
      "pair": "USD/CHF",
      "latest": 0.776199996471405,
      "high_20d": 0.7922400236129761,
      "low_20d": 0.776199996471405,
      "sma_20": 0.7828340053558349,
      "sma_50": 0.7865763640403748,
      "pivot": 0.779199997584025,
      "r1": 0.7817999919255574,
      "s1": 0.7776000102361043,
      "r2": 0.7833999792734782,
      "s2": 0.7750000158945719
    },
    "NZD/USD": {
      "pair": "NZD/USD",
      "latest": 0.5968367457389832,
      "high_20d": 0.5990283489227295,
      "low_20d": 0.5822992920875549,
      "sma_20": 0.589825713634491,
      "sma_50": 0.5854276359081269,
      "pivot": 0.5947056412696838,
      "r1": 0.5961225628852844,
      "s1": 0.5924319624900818,
      "r2": 0.5983962416648865,
      "s2": 0.5910150408744812
    },
    "AUD/CAD": {
      "pair": "AUD/CAD",
      "latest": 0.9901400208473206,
      "high_20d": 0.9928900003433228,
      "low_20d": 0.9718999862670898,
      "sma_20": 0.9800946563482285,
      "sma_50": 0.9704270815849304,
      "pivot": 0.9870866735776266,
      "r1": 0.9903633395830791,
      "s1": 0.9812833468119304,
      "r2": 0.9961666663487753,
      "s2": 0.9780066808064779
    },
    "AUD/JPY": {
      "pair": "AUD/JPY",
      "latest": 113.5459976196289,
      "high_20d": 114.70099639892578,
      "low_20d": 111.30000305175781,
      "sma_20": 113.6125991821289,
      "sma_50": 112.18235977172851,
      "pivot": 113.27099863688152,
      "r1": 113.52899678548178,
      "s1": 112.97099812825522,
      "r2": 113.82899729410808,
      "s2": 112.71299997965495
    },
    "EUR/JPY": {
      "pair": "EUR/JPY",
      "latest": 184.66900634765625,
      "high_20d": 187.93499755859375,
      "low_20d": 182.06300354003906,
      "sma_20": 186.17805023193358,
      "sma_50": 184.71632019042968,
      "pivot": 183.83966573079428,
      "r1": 184.16933695475262,
      "s1": 183.52132670084637,
      "r2": 184.48767598470053,
      "s2": 183.19165547688803
    },
    "GBP/JPY": {
      "pair": "GBP/JPY",
      "latest": 213.58099365234375,
      "high_20d": 216.5850067138672,
      "low_20d": 210.52099609375,
      "sma_20": 214.66821365356446,
      "sma_50": 212.8800653076172,
      "pivot": 212.70233662923178,
      "r1": 213.10866800944012,
      "s1": 212.28566996256512,
      "r2": 213.52533467610678,
      "s2": 211.87933858235678
    },
    "EUR/GBP": {
      "pair": "EUR/GBP",
      "latest": 0.8646000027656555,
      "high_20d": 0.8723099827766418,
      "low_20d": 0.8619999885559082,
      "sma_20": 0.8672099977731704,
      "sma_50": 0.8676364004611969,
      "pivot": 0.8641266624132792,
      "r1": 0.8647533257802327,
      "s1": 0.8636533220609028,
      "r2": 0.865226666132609,
      "s2": 0.8630266586939493
    },
    "CAD/JPY": {
      "pair": "CAD/JPY",
      "latest": 114.56700134277344,
      "high_20d": 117.51399993896484,
      "low_20d": 113.92400360107422,
      "sma_20": 115.96590118408203,
      "sma_50": 115.62832061767578,
      "pivot": 114.68766784667969,
      "r1": 114.88533782958984,
      "s1": 114.56133270263672,
      "r2": 115.01167297363281,
      "s2": 114.36366271972656
    },
    "CHF/JPY": {
      "pair": "CHF/JPY",
      "latest": 201.76800537109375,
      "high_20d": 204.41226196289062,
      "low_20d": 198.29733276367188,
      "sma_20": 202.45443115234374,
      "sma_50": 201.79205352783202,
      "pivot": 200.8699696858724,
      "r1": 201.29046122233075,
      "s1": 200.49912516276044,
      "r2": 201.66130574544272,
      "s2": 200.0786336263021
    },
    "AUD/NZD": {
      "pair": "AUD/NZD",
      "latest": 1.214110016822815,
      "high_20d": 1.2233099937438965,
      "low_20d": 1.204200029373169,
      "sma_20": 1.2159406125545502,
      "sma_50": 1.2080460643768312,
      "pivot": 1.213936686515808,
      "r1": 1.21587336063385,
      "s1": 1.2119033336639404,
      "r2": 1.2179067134857178,
      "s2": 1.2099666595458984
    },
    "NZD/CAD": {
      "pair": "NZD/CAD",
      "latest": 0.8157600164413452,
      "high_20d": 0.8173379898071289,
      "low_20d": 0.7965499758720398,
      "sma_20": 0.8059065550565719,
      "sma_50": 0.8031284034252166,
      "pivot": 0.8128759860992432,
      "r1": 0.815451979637146,
      "s1": 0.8084139823913574,
      "r2": 0.8199139833450317,
      "s2": 0.8058379888534546
    }
  },
  "calendar": [
    {
      "time_utc": "2026-05-10 21:30 UTC",
      "time_bj": "05-11 09:30 (北京)",
      "currency": "CNY",
      "event": "CPI y/y",
      "impact": "Medium",
      "forecast": "0.9%",
      "previous": "1.0%"
    },
    {
      "time_utc": "2026-05-10 21:30 UTC",
      "time_bj": "05-11 09:30 (北京)",
      "currency": "CNY",
      "event": "PPI y/y",
      "impact": "Medium",
      "forecast": "1.7%",
      "previous": "0.5%"
    }
  ],
  "actual_moves": {
    "EUR": 0.5187391704889268,
    "GBP": 0.618901828479198,
    "JPY": 0.1275319946511873,
    "AUD": 0.587213347484102,
    "NZD": 0.5432216608407457,
    "CAD": -0.062211323752265964,
    "CHF": 0.5217326324839326,